satish:~ stateofmind$ ssh -i ud-active-keypair.pem ec2-user@54.213.253.131
Last login: Wed Jul 22 07:05:30 2020 from c-98-210-74-192.hsd1.ca.comcast.net

       __|  __|_  )
       _|  (     /   Amazon Linux AMI
      ___|\___|___|

https://aws.amazon.com/amazon-linux-ami/2018.03-release-notes/
[ec2-user@ip-10-1-10-59 ~]$ mysql
ERROR 2002 (HY000): Can't connect to local MySQL server through socket '/var/lib/mysql/mysql.sock' (2)
[ec2-user@ip-10-1-10-59 ~]$ mysql -u admin -p -h udacity-1.ctpbbalcx1mx.us-west-2.rds.amazonaws.com
Enter password: 
Welcome to the MySQL monitor.  Commands end with ; or \g.
Your MySQL connection id is 111
Server version: 5.7.22-log Source distribution

Copyright (c) 2000, 2018, Oracle and/or its affiliates. All rights reserved.

Oracle is a registered trademark of Oracle Corporation and/or its
affiliates. Other names may be trademarks of their respective
owners.

Type 'help;' or '\h' for help. Type '\c' to clear the current input statement.

mysql> show databases;
+--------------------+
| Database           |
+--------------------+
| information_schema |
| innodb             |
| mysql              |
| performance_schema |
| sys                |
| udacity            |
+--------------------+
6 rows in set (0.00 sec)

mysql> use udacity
Database changed
mysql> show tables;
Empty set (0.00 sec)

mysql> create table resource(
    -> resource_id INT NOT NULL AUTO_INCREMENT,
    -> resource_desc VARCHAR(100),
    -> resource_type VARCHAR(40),
    -> PRIMARY KEY (resource_id)
    -> );
Query OK, 0 rows affected (0.01 sec)

mysql> show tables;
+-------------------+
| Tables_in_udacity |
+-------------------+
| resource          |
+-------------------+
1 row in set (0.00 sec)

mysql> select count(*) from resource;
+----------+
| count(*) |
+----------+
|        0 |
+----------+
1 row in set (0.01 sec)

mysql> INSERT INTO resource (resource_desc, resource_type) VALUES ("Compute", "EC2");
Query OK, 1 row affected (0.00 sec)

mysql> select count(*) from resource;
+----------+
| count(*) |
+----------+
|        1 |
+----------+
1 row in set (0.00 sec)

mysql> select * from resource;
+-------------+---------------+---------------+
| resource_id | resource_desc | resource_type |
+-------------+---------------+---------------+
|           1 | Compute       | EC2           |
+-------------+---------------+---------------+
1 row in set (0.01 sec)

mysql> 